Segment,Shipping Delay
Consumer,106.80489560835133
Corporate,110.88817480719794
Home Office,101.64636542239685
