Category,Sales,Total Profit
Furniture,728658.5757,109298.786355
Office Supplies,705422.334,105813.3501
Technology,827455.873,124118.38094999999
