Region,Sales,Total Profit
Central,216.35788897672376,32.45368334650857
East,240.40169694793536,36.06025454219031
South,243.52406695869837,36.528610043804754
West,226.18461289808917,33.92769193471337
