,count,mean,std,min,25%,50%,75%,max
Row ID,9800.0,4900.5,2829.1606529145706,1.0,2450.75,4900.5,7350.25,9800.0
Postal Code,9800.0,55276.49857142857,32023.37439331846,1040.0,23223.0,58103.0,90008.0,99301.0
Sales,9800.0,230.76905945918367,626.6518748388042,0.444,17.248,54.489999999999995,210.60500000000002,22638.48
Order Year,3959.0,2016.7284667845415,1.1191183675156557,2015.0,2016.0,2017.0,2018.0,2018.0
Order Month,3959.0,6.45289214448093,3.49795884987926,1.0,3.0,6.0,9.0,12.0
Shipping Delay,2676.0,107.01083707025411,54.26448447223441,0.0,61.0,122.0,153.0,214.0
Total Profit,9800.0,34.61535891887755,93.99778122582066,0.0665999999999999,2.5872,8.173499999999999,31.59075,3395.772
