,Row ID,Postal Code,Sales,Order Year,Order Month,Shipping Delay,Total Profit
Row ID,1.0,0.013747391161768728,0.0011512461311245544,0.018850718088469918,-0.017940347172686104,0.013122808251560333,0.0011512461311250725
Postal Code,0.013747391161768728,1.0,-0.023910029052966523,0.02235088638202291,0.05336766649628361,-0.02712833025136315,-0.02391002905296647
Sales,0.0011512461311245544,-0.023910029052966523,1.0,-0.005241992138389868,-0.029633715453103403,-0.0036008018729370324,0.9999999999999998
Order Year,0.018850718088469918,0.02235088638202291,-0.005241992138389868,1.0,-0.0335702466750382,-0.07999281399447487,-0.005241992138391067
Order Month,-0.017940347172686104,0.05336766649628361,-0.029633715453103403,-0.0335702466750382,1.0,-0.3310350529031149,-0.02963371545310344
Shipping Delay,0.013122808251560333,-0.02712833025136315,-0.0036008018729370324,-0.07999281399447487,-0.3310350529031149,1.0,-0.0036008018729370966
Total Profit,0.0011512461311250725,-0.02391002905296647,0.9999999999999998,-0.005241992138391067,-0.02963371545310344,-0.0036008018729370966,1.0
