Region,Average_Sales_Per_Region
Central,216.35788897672376
East,240.40169694793536
South,243.52406695869837
West,226.18461289808917
